Metabolite,Class
4-Trimethylammoniobutanoic acid,Acylcarnitine
AcCa(14:2)-AcCa(14:2),Acylcarnitine
AcCa(24:0)-AcCa(24:0),Acylcarnitine
Adipoylcarnitine (AcCa(6:0-DC)),Acylcarnitine
Arachidonoylcarnitine (AcCa(20:4)),Acylcarnitine
Arachidylcarnitine (AcCa(20:0)),Acylcarnitine
Butenylcarnitine (AcCa(4:1)),Acylcarnitine
Butyrylcarnitine (AcCa(4:0)),Acylcarnitine
Cervonylcarnitine (AcCa(22:6)),Acylcarnitine
Decanoylcarnitine (AcCa(10:0)),Acylcarnitine
Decenoylcarnitine (AcCa(10:1) isomer 1),Acylcarnitine
Decenoylcarnitine (AcCa(10:1) isomer 2),Acylcarnitine
Decenoylcarnitine (AcCa(10:1) isomer 3),Acylcarnitine
Decenoylcarnitine (AcCa(10:1)),Acylcarnitine
Dodecanoylcarnitine (AcCa(12:0)),Acylcarnitine
Dodecenoylcarnitine (AcCa(12:1)),Acylcarnitine
Eicoseneoylcarnitine (AcCa(20:1)),Acylcarnitine
Glutarylcarnitine (AcCa(5:0-DC)),Acylcarnitine
Hexadecadienoylcarnitine (AcCa(16:2)),Acylcarnitine
Hexadecenoylcarnitine (AcCa(16:1)),Acylcarnitine
Hexanoylcarnitine (AcCa(6:0)),Acylcarnitine
Hexenoylcarnitine (AcCa(6:1)),Acylcarnitine
Hydroxybutyrylcarnitine (AcCa(4:0-OH)),Acylcarnitine
Hydroxyisovaleroylcarnitine (AcCa(5:0-OH)),Acylcarnitine
Icosadienoylcarnitine (AcCa(20:2)),Acylcarnitine
Icosatrienoylcarnitine (AcCa(20:3)),Acylcarnitine
Isobutyrylcarnitine (AcCa(iso4:0)),Acylcarnitine
Isovalerylcarnitine (AcCa(iso5:0)),Acylcarnitine
L-Acetylcarnitine (AcCa(2:0)),Acylcarnitine
L-Carnitine,Acylcarnitine
Linolenylcarnitine (AcCa(18:3)),Acylcarnitine
Linoleylcarnitine (AcCa(18:2)),Acylcarnitine
Methylglutarylcarnitine (AcCa(iso6:0-DC)),Acylcarnitine
Nonanoylcarnitine (AcCa(9:0)),Acylcarnitine
Octanoylcarnitine (AcCa(8:0)),Acylcarnitine
Octenoylcarnitine (AcCa(8:1) isomer),Acylcarnitine
Octenoylcarnitine (AcCa(8:1)),Acylcarnitine
Oleoylcarnitine (AcCa(18:1)),Acylcarnitine
Palmitoylcarnitine (AcCa(16:0)),Acylcarnitine
Propionylcarnitine (AcCa(3:0)),Acylcarnitine
Stearoylcarnitine (AcCa(18:0)),Acylcarnitine
Succinylcarnitine (AcCa(4:0-DC)),Acylcarnitine
Tetradecadiencarnitine (AcCa(14:2) isomer 1),Acylcarnitine
Tetradecadiencarnitine (AcCa(14:2) isomer 2),Acylcarnitine
Tetradecanoylcarnitine (AcCa(14:0)),Acylcarnitine
Tetradecenoylcarnitine (AcCa(14:1)),Acylcarnitine
Tiglylcarnitine (AcCa(5:1)),Acylcarnitine
Tridecanoylcarnitine (AcCa(13:0)),Acylcarnitine
Undecanoylcarnitine (AcCa(11:0)),Acylcarnitine
Valerylcarnitine (AcCa(5:0)),Acylcarnitine
1-Pyrroline-5-carboxylic acid,Amino acid
2-Oxoarginine,Amino acid
2-Pyrrolidinone,Amino acid
3-Amino-2-piperidone,Amino acid
"3-Hydroxy-N6,N6,N6-trimethyl-L-lysine",Amino acid
3-Methoxytyrosine,Amino acid
3-Methylglutaconic acid,Amino acid
3-Methylhistidine + 1-Methylhistidine,Amino acid
4-Acetamidobutanoic acid,Amino acid
4-Guanidinobutanoic acid,Amino acid
4-Hydroxyproline,Amino acid
5-Hydroxyindoleacetic acid,Amino acid
5-L-Glutamyl-taurine,Amino acid
6-Oxopiperidine-2-carboxylic acid,Amino acid
Acetylglycine,Amino acid
ADMA + SDMA,Amino acid
Alanine + Sarcosine,Amino acid
Bromo-tryptophan,Amino acid
Choline,Amino acid
Citrulline,Amino acid
C-Mannosyl Alanine,Amino acid
C-Mannosyl Asparagine,Amino acid
C-Mannosyl Glutamine,Amino acid
C-Mannosyl Glycine,Amino acid
C-Mannosyl Leucine,Amino acid
C-Mannosyl Phenylalanine,Amino acid
C-Mannosyl Serine,Amino acid
C-Mannosyl Threonine,Amino acid
C-Mannosyl tryptophan,Amino acid
C-Mannosyl Valine,Amino acid
Creatine,Amino acid
Creatinine,Amino acid
Cysteineglutathione disulfide,Amino acid
Cysteine-S-sulfate,Amino acid
Formiminoglutamic acid,Amino acid
Homoarginine,Amino acid
Hydroxyphenyllactic acid,Amino acid
Imidazolelactic acid,Amino acid
Indolelactic acid,Amino acid
Kynurenic acid,Amino acid
L-Arginine,Amino acid
L-Asparagine,Amino acid
L-Aspartic acid,Amino acid
L-Cystine,Amino acid
L-Glutamic acid,Amino acid
L-Glutamine,Amino acid
L-Histidine,Amino acid
L-Isoleucine,Amino acid
L-Kynurenine,Amino acid
L-Leucine,Amino acid
L-Lysine,Amino acid
L-Methionine,Amino acid
L-Phenylalanine,Amino acid
L-Proline,Amino acid
L-Serine,Amino acid
L-Threonine,Amino acid
L-Tryptophan,Amino acid
L-Tyrosine,Amino acid
L-Valine,Amino acid
Methionine sulfone,Amino acid
Methionine sulfoxide,Amino acid
Methylcysteine,Amino acid
Methylimidazoleacetic acid,Amino acid
N-(3-acetamidopropyl)pyrrolidin-2-one,Amino acid
"N(6),N(6)-Dimethyllysine",Amino acid
N(6)-Methyllysine,Amino acid
N1-Acetylspermidine + N8-Acetylspermidine,Amino acid
N5-Acetylornithine,Amino acid
"N6,N6,N6-Trimethyl-L-lysine",Amino acid
N6-Acetyl-L-lysine,Amino acid
N-a-Acetyl-L-arginine,Amino acid
N-Acetylasparagine,Amino acid
N-Acetylaspartylglutamic acid,Amino acid
N-Acetylcadaverine,Amino acid
N-Acetylglutamic acid,Amino acid
N-Acetylglutamine,Amino acid
N-Acetylhistidine,Amino acid
N-Acetylisoleucine,Amino acid
N-Acetyl-L-aspartic acid,Amino acid
N-Acetylleucine,Amino acid
N-Acetyl-L-methionine,Amino acid
N-Acetyl-L-phenylalanine,Amino acid
N-Acetylornithine,Amino acid
N-Acetylputrescine,Amino acid
N-Acetyltaurine,Amino acid
N-Acetylthreonine,Amino acid
N-Acetyltryptophan,Amino acid
N-Acetyltyrosine,Amino acid
N-Acetylvaline,Amino acid
N-Formyl-L-methionine,Amino acid
N-Hexosyl Alanine,Amino acid
N-Hexosyl Glutamate,Amino acid
N-Hexosyl Glutamine,Amino acid
N-Hexosyl Isoleucine,Amino acid
N-Hexosyl Leucine,Amino acid
N-Hexosyl Lysine,Amino acid
N-Hexosyl Phenylalanine,Amino acid
N-Hexosyl Proline,Amino acid
N-Hexosyl tryptophan,Amino acid
N-Hexosyl Tyrosine,Amino acid
N-Hexosyl Valine,Amino acid
Ornithine,Amino acid
O-Sulfotyrosine,Amino acid
Phenylacetylglycine,Amino acid
Phenyllactic acid,Amino acid
Pipecolic acid,Amino acid
Prolinamide,Amino acid
Pyroglutamic acid,Amino acid
Pyroglutamine,Amino acid
Quinolinic acid,Amino acid
S-Adenosylhomocysteine,Amino acid
Serotonin,Amino acid
S-Methylmethionine,Amino acid
Spermidine,Amino acid
Spermine,Amino acid
Taurine,Amino acid
Thyroxine,Amino acid
Tryptamine,Amino acid
Tryptophan 2-C-mannoside,Amino acid
Tryptophan betaine,Amino acid
Urea,Amino acid
Urocanic acid,Amino acid
4-Acetylphenol sulfate,Benzenoid
4-Methylcatechol 1-sulfate,Benzenoid
4-Methylcatechol 2-sulfate,Benzenoid
4-Vinylphenol sulfate,Benzenoid
Methylpyrogallol sulfate,Benzenoid
O-Methoxycatechol-O-sulphate,Benzenoid
Phenol sulphate,Benzenoid
Pyrocatechol sulfate,Benzenoid
Tyrosol 4-sulfate,Benzenoid
3beta-Hydroxy-5-cholenoic acid,Bile acid
3beta-Hydroxy-5-cholenoic acid glycine conjugate 3-O-sulfate,Bile acid
3beta-Hydroxy-5-cholenoic acid taurine conjugate 3-O-sulfate,Bile acid
3beta-Hydroxy-5-cholestenoic acid,Bile acid
3b-Hydroxy-5-cholenoic acid glycine conjugate,Bile acid
3-Epideoxycholic acid,Bile acid
"3-Oxo-4,6-choladienoic acid",Bile acid
7alpha-Hydroxy-3-oxo-4-cholestenoate,Bile acid
7alpha-Hydroxy-3-oxo-4-cholestenoate isomer,Bile acid
Chenodeoxycholic acid,Bile acid
Chenodeoxycholic acid glycine conjugate,Bile acid
Cholic acid,Bile acid
Deoxycholic acid,Bile acid
Deoxycholic acid glycine conjugate,Bile acid
Deoxycholic acid isomer 1,Bile acid
Deoxycholic acid isomer 2,Bile acid
Deoxycholic acid isomer 3,Bile acid
Glycochenodeoxycholate-3-sulfate,Bile acid
Glycochenodeoxycholic acid 3-glucuronide,Bile acid
Glycocholic acid,Bile acid
Glycodeoxycholate 3-glucuronide,Bile acid
Glycodeoxycholate-3-sulfate,Bile acid
Glycohyocholic acid,Bile acid
Glycoursodeoxycholate-3-sulfate,Bile acid
Glycoursodeoxycholic acid,Bile acid
Hyocholic acid,Bile acid
Hyodeoxycholic acid,Bile acid
Isodeoxycholic acid,Bile acid
Isoursodeoxycholic acid,Bile acid
Lithocholic acid glycine conjugate,Bile acid
Sulfolithocholylglycine,Bile acid
Taurochenodesoxycholic acid,Bile acid
Taurocholic acid,Bile acid
Taurodeoxycholic acid,Bile acid
Taurolithocholic acid 3-sulfate,Bile acid
Tauroursodeoxycholic acid,Bile acid
Ursodeoxycholic acid,Bile acid
"1,5-Anhydrosorbitol",Carbohydrate
D-Ribose,Carbohydrate
Gluconic acid,Carbohydrate
Gluconolactone,Carbohydrate
Glucose + myo-Inositol,Carbohydrate
Glucuronic acid,Carbohydrate
Glycerol 3-phosphate,Carbohydrate
Glycerophosphoinositol,Carbohydrate
Hexose phosphates Mixture,Carbohydrate
Mannitol + Sorbitol,Carbohydrate
N-Acetylglucosamine sulfate,Carbohydrate
Ribonic acid + Xylonate,Carbohydrate
Ribose 5-phosphate,Carbohydrate
Cer(d34:1)-Cer(d18:1/16:0),Ceramide
Cer(d38:1)-Cer(d18:1/20:0),Ceramide
Cer(d39:1)-Cer(d17:1/22:0),Ceramide
Cer(d40:0)-Cer(d18:0/22:0),Ceramide
Cer(d40:1)-Cer(d18:1/22:0),Ceramide
Cer(d40:2)-Cer(d18:2/22:0),Ceramide
Cer(d41:1)-Cer(d18:1/23:0),Ceramide
Cer(d41:2)-Cer(d18:2/23:0),Ceramide
Cer(d42:0)-Cer(d18:0/24:0),Ceramide
Cer(d42:1)-Cer(d18:1/24:0),Ceramide
Cer(d42:2)-Cer(d18:1/24:1),Ceramide
Cer(d42:2)-Cer(d18:2/24:0),Ceramide
Cer(d42:3)-Cer(d18:2/24:1),Ceramide
Cer(d43:1)-Cer(d18:1/25:0),Ceramide
CerG2GNAc1(d32:1)-CerG2GNAc1(d32:1),Ceramide
CerG2GNAc1(d36:1)-CerG2GNAc1(d36:1),Ceramide
CerG3GNAc1(d34:1)-CerG3GNAc1(d34:1),Ceramide
ChE(16:0)-ChE(16:0),Cholesterol ester
ChE(18:0)-ChE(18:0),Cholesterol ester
ChE(18:1)-ChE(18:1),Cholesterol ester
ChE(18:2)-ChE(18:2),Cholesterol ester
ChE(20:3)-ChE(20:3),Cholesterol ester
ChE(20:4)-ChE(20:4),Cholesterol ester
ChE(20:5)-ChE(20:5),Cholesterol ester
ChE(22:5n3)-ChE(22:5n3),Cholesterol ester
ChE(22:5n6)-ChE(22:5n6),Cholesterol ester
ChE(22:6)-ChE(22:6),Cholesterol ester
Cholesterol,Cholesterol ester
Co(Q10),Coenzyme
Co(Q8),Coenzyme
Co(Q9),Coenzyme
DG(34:2)-DG(16:0/18:2),Diacylglycerol
DG(36:2)-DG(18:1/18:1),Diacylglycerol
DG(36:3)-DG(18:1/18:2),Diacylglycerol
DG(36:4)-DG(18:2/18:2),Diacylglycerol
DG(36:5)-DG(18:3/18:2),Diacylglycerol
DG(38:5)-DG(18:1/20:4),Diacylglycerol
DG(38:6)-DG(18:2/20:4),Diacylglycerol
DG(40:7)-DG(18:1/22:6),Diacylglycerol
2-Piperidinone,Exogenous chemical
2-tert Butylhydroquinone sulfate,Exogenous chemical
3-(3-Hydroxyphenyl)propionic acid,Exogenous chemical
3-Hydroxypyridine sulfate,Exogenous chemical
4-Hydroxychlorothalonil,Exogenous chemical
Benzeneacetamide-4-O-sulphate,Exogenous chemical
Bromide,Exogenous chemical
Cotinine,Exogenous chemical
Decaethylene glycol (PEG-10),Exogenous chemical
Dehydroacetic acid,Exogenous chemical
Dodecaethylene glycol (PEG-12),Exogenous chemical
EDTA,Exogenous chemical
Ethylparaben sufate,Exogenous chemical
Heptaethylene glycol (PEG-7),Exogenous chemical
Hydroxycotinine,Exogenous chemical
Methyl-4-hydroxybenzoate sulfate,Exogenous chemical
Monoethylhexyl phthalic acid,Exogenous chemical
N-Methylpyrrolidin-2-one,Exogenous chemical
Octaethylene glycol (PEG-8),Exogenous chemical
Perfluorooctanesulfonic acid (PFOS),Exogenous chemical
Perfluorooctanesulfonic acid isomer,Exogenous chemical
Perfluorooctanoic acid (PFOA),Exogenous chemical
Propylparaben,Exogenous chemical
Propylparaben sulfate,Exogenous chemical
Tetradecaethylene glycol (PEG-14),Exogenous chemical
Tetraethylene glycol (PEG-4),Exogenous chemical
11-HETE,Fatty acid
"12,13-DHOME",Fatty acid
12-HETE,Fatty acid
12-Hydroxystearic acid (FFA(18:0-OH)),Fatty acid
13-HODE,Fatty acid
13-Hydroperoxylinolenic acid,Fatty acid
14-Hydroxymyristic acid (FFA(14:0-OH)),Fatty acid
"15,16-DiHODE",Fatty acid
15-HETE,Fatty acid
16-Hydroxyhexadecanoic acid (FFA(16:0-OH)),Fatty acid
2-Amino-5-methylhexanoic acid,Fatty acid
2-Aminoheptanoic acid,Fatty acid
2-Aminooctanoic acid,Fatty acid
2-Hydroxycapric acid (FFA(10:0-OH)),Fatty acid
2-Hydroxycaproic acid (FFA(6:0-OH)),Fatty acid
2-Hydroxydodecanoic acid (FFA(12:0-OH)),Fatty acid
2-Hydroxyhexadecanoic acid (FFA(16:0-OH)),Fatty acid
2-Hydroxymyristic acid (FFA(14:0-OH)),Fatty acid
2-Hydroxyoctanoic acid (FFA(8:0-OH)),Fatty acid
2-Hydroxystearic acid (FFA(18:0-OH)),Fatty acid
3-Decenoic acid (FFA(10:1n7)),Fatty acid
3-Hydroxycapric acid (FFA(10:0-OH)),Fatty acid
3-Hydroxydodecanoic acid (FFA(12:0-OH)),Fatty acid
3-Hydroxyhexadecanoic acid (FFA(16:0-OH)),Fatty acid
3-Hydroxyhexanoic acid (FFA(6:0-OH)),Fatty acid
3-Hydroxymyristic acid (FFA(14:0-OH),Fatty acid
3-Hydroxyoctanoic acid (FFA(8:0-OH),Fatty acid
3-Hydroxystearic acid (FFA(18:0-OH)),Fatty acid
3-Oxotetradecanoic acid,Fatty acid
5-HETE,Fatty acid
5-Hydroxyhexadecanoic acid (FFA(16:0-OH)),Fatty acid
6-Decenoic acid (FFA(10:1n4)),Fatty acid
"9,10-DHOME",Fatty acid
9-Decenoic acid (FFA(10:1n1)),Fatty acid
9-HODE,Fatty acid
Alpha-Linolenic acid (FFA(18:3n3)),Fatty acid
Aminoadipic acid,Fatty acid
Arachidic acid (FFA(20:0)),Fatty acid
Arachidonic acid (FFA(20:4)),Fatty acid
Azelaic acid (FFA(9:0-DC)),Fatty acid
Behenic acid (FFA(22:0)),Fatty acid
Capric acid (FFA(10:0)),Fatty acid
Caproic acid (FFA(6:0)),Fatty acid
Caprylic acid (FFA(8:0)),Fatty acid
Capryloylglycine,Fatty acid
Decenoic acid (FFA(10:1) isomer),Fatty acid
Docosadienoate (FFA(22:2)),Fatty acid
Docosahexaenoic acid (FFA(22:6)),Fatty acid
Docosapentaenoic acid (FFA(22:5n3)),Fatty acid
Docosapentaenoic acid (FFA(22:5n6)),Fatty acid
Dodecanedioic acid (FFA(12:0-DC)),Fatty acid
Dodecanoic acid (FFA(12:0)),Fatty acid
Dodecenoic acid (FFA(12:1)),Fatty acid
Eicosadienoic acid (FFA(20:2n6)),Fatty acid
Eicosanedioic acid (FFA(20:0-DC)),Fatty acid
Eicosapentaenoic acid (FFA(20:5)),Fatty acid
Eicosatrienoic acid (FFA(20:3n3)),Fatty acid
Eicosatrienoic acid (FFA(20:3n6)),Fatty acid
Eicosatrienoic acid (FFA(20:3n9)),Fatty acid
Eicosenoic acid (FFA(20:1)),Fatty acid
Erucic acid (FFA(22:1n9)),Fatty acid
Gamma-Linolenic acid (FFA(18:3n6)),Fatty acid
Goshuyic acid (FFA(14:2)),Fatty acid
Heptadecanoic acid (FFA(17:0)),Fatty acid
Heptadecenoic acid (FFA(17:1)),Fatty acid
Heptanoic acid (FFA(7:0)),Fatty acid
Hexadecadienoic acid (FFA(16:2)),Fatty acid
Hexadecanedioate (FFA(16:1-DC)),Fatty acid
Hexadecanedioic acid (FFA(16:0-DC)),Fatty acid
Hexanoylglutamine,Fatty acid
Hexanoylglycine,Fatty acid
Hydroxyhexadecanoic acid isomer 1,Fatty acid
Hydroxyhexadecanoic acid isomer 2,Fatty acid
Isobutyrylglycine,Fatty acid
Isooctadecanedioic acid (FFA(18:0-DC)),Fatty acid
Isovalerylglycine,Fatty acid
Lauroyl-ethanolamine,Fatty acid
Linoleamide,Fatty acid
Linoleic acid (FFA(18:2n6)),Fatty acid
Linoleoylethanolamide,Fatty acid
Methyl hexadecanoic acid (FFA(17:0-CH3)),Fatty acid
Methyldodecanoic acid (FFA(13:0-CH3)),Fatty acid
Methylmyristic acid (FFA(15:0-CH3)),Fatty acid
Myristic acid (FFA(14:0)),Fatty acid
Myristoleic acid (FFA(14:1n5)),Fatty acid
N-Acetylaminooctanoic acid,Fatty acid
N-Butyrylglycine,Fatty acid
Nervonic acid (FFA(24:1)),Fatty acid
N-Oleoyl-Serine,Fatty acid
Nonadecenoic acid (FFA(19:1)),Fatty acid
N-Palmitoyl Serine,Fatty acid
Octadecanamide,Fatty acid
Octadecanedioic acid (FFA(18:0-DC)),Fatty acid
Octadecendioic acid (FFA(18:1-DC)),Fatty acid
Octyl butanoate,Fatty acid
Oleamide,Fatty acid
Oleic acid (FFA(18:1n9)),Fatty acid
Oleoylethanolamide,Fatty acid
Palmitic acid (FFA(16:0)),Fatty acid
Palmitic amide,Fatty acid
Palmitoleic acid (FFA(16:1)),Fatty acid
Palmitoylethanolamide,Fatty acid
Palmitoylglycine,Fatty acid
Pelargonic acid (FFA(9:0)),Fatty acid
Pentadecanoic acid (FFA(15:0)),Fatty acid
Phytanic acid,Fatty acid
Sebacic acid (FFA(10:0-DC)),Fatty acid
Stearic acid (FFA(18:0)),Fatty acid
Stearidonic acid (FFA(18:4n3)),Fatty acid
Stearoylethanolamide,Fatty acid
Suberic acid (FFA(8:0-DC)),Fatty acid
Tetracosahexaenoic acid (FFA(24:6)),Fatty acid
Tetradecanedioic acid (FFA(14:2-DC) isomer 1),Fatty acid
Tetradecanedioic acid (FFA(14:2-DC) isomer 2),Fatty acid
Tetradecanedioic acid (FFA(14:2-DC) isomer 3),Fatty acid
Tetradecanedioic acid (FFA(14:2-DC)),Fatty acid
Tetradecenoic acid (FFA(14:1n12)),Fatty acid
Tetradecenoic acid (FFA(14:1n9)),Fatty acid
Tricosanoic acid (FFA(23:0)),Fatty acid
Tridecanoic acid (FFA(13:0)),Fatty acid
Undecanoic acid (FFA(11:0)),Fatty acid
Undecenoic acid (FFA(11:1)),Fatty acid
Valeric acid (FFA(5:0)),Fatty acid
Valerylglycine,Fatty acid
"2,6-Dihydroxybenzoic acid",Food
3-Allylphenol sulfate,Food
Caffeine,Food
Iodide,Food
Piperine,Food
Proline betaine,Food
Pyrogallol-1-O-sulphate,Food
Theobromine,Food
Theophylline,Food
Glycerophosphocholine,Glycerophosphocholine
PC(31:0),Glycerophosphocholine
PC(32:0)-PC(16:0/16:0),Glycerophosphocholine
PC(32:0e)-PC(16:0e/16:0),Glycerophosphocholine
PC(32:0p)-PC(16:0p/16:0),Glycerophosphocholine
PC(32:1)-PC(16:0/16:1),Glycerophosphocholine
PC(32:1e),Glycerophosphocholine
PC(32:1p),Glycerophosphocholine
PC(32:2)-PC(14:0/18:2),Glycerophosphocholine
PC(33:0)-PC(33:0)1,Glycerophosphocholine
PC(33:0)-PC(33:0)2,Glycerophosphocholine
PC(33:1)-PC(15:0/18:1),Glycerophosphocholine
PC(33:2)-PC(15:0/18:2),Glycerophosphocholine
PC(34:1+O)-PC(34:1+O),Glycerophosphocholine
PC(34:1p)-PC(16:0p/18:1),Glycerophosphocholine
PC(34:2)-PC(16:0/18:2),Glycerophosphocholine
PC(34:2+O),Glycerophosphocholine
PC(34:2e)-PC(16:0e/18:2),Glycerophosphocholine
PC(34:2p)-PC(16:0p/18:2),Glycerophosphocholine
PC(34:2p)-PC(34:2p),Glycerophosphocholine
PC(34:3)-PC(16:0/18:3)+PC(16:1/18:2),Glycerophosphocholine
PC(34:4),Glycerophosphocholine
PC(35:1)-PC(17:0/18:1),Glycerophosphocholine
PC(35:2)-PC(17:0/18:2)1,Glycerophosphocholine
PC(35:2p)-PC(35:2p),Glycerophosphocholine
PC(35:3),Glycerophosphocholine
PC(35:4),Glycerophosphocholine
PC(36:1)-PC(18:0/18:1),Glycerophosphocholine
PC(36:1e),Glycerophosphocholine
PC(36:2)-PC(18:0/18:2),Glycerophosphocholine
PC(36:2+2O),Glycerophosphocholine
PC(36:2e)-PC(18:0e/18:2),Glycerophosphocholine
PC(36:2e)-PC(36:2e)1,Glycerophosphocholine
PC(36:2e)-PC(36:2e)2,Glycerophosphocholine
PC(36:2p)-PC(18:0p/18:2),Glycerophosphocholine
PC(36:3)-PC(16:0/20:3),Glycerophosphocholine
PC(36:3)-PC(18:1/18:2),Glycerophosphocholine
PC(36:3e)-PC(16:0e/20:3),Glycerophosphocholine
PC(36:3p)-PC(16:0p/20:3),Glycerophosphocholine
PC(36:4)-PC(16:0/20:4),Glycerophosphocholine
PC(36:4)-PC(18:2/18:2),Glycerophosphocholine
PC(36:4),Glycerophosphocholine
PC(36:4+O),Glycerophosphocholine
PC(36:4p)-PC(16:0p/20:4),Glycerophosphocholine
PC(36:5)-PC(16:0/20:5),Glycerophosphocholine
PC(36:5)-PC(16:1/20:4),Glycerophosphocholine
PC(36:5)-PC(18:3/18:2),Glycerophosphocholine
PC(36:5e)-PC(16:0e/20:5),Glycerophosphocholine
PC(36:5p),Glycerophosphocholine
PC(36:6)-PC(36:6)1,Glycerophosphocholine
PC(36:6)-PC(36:6)2,Glycerophosphocholine
PC(37:2)-PC(19:0/18:2),Glycerophosphocholine
PC(37:2),Glycerophosphocholine
PC(37:3)-PC(17:0/20:3),Glycerophosphocholine
PC(37:3p),Glycerophosphocholine
PC(37:4)-PC(17:0/20:4),Glycerophosphocholine
PC(37:4),Glycerophosphocholine
PC(38:2)-PC(18:0/20:2),Glycerophosphocholine
PC(38:2e),Glycerophosphocholine
PC(38:3)-PC(18:0/20:3),Glycerophosphocholine
PC(38:3e),Glycerophosphocholine
PC(38:4)-PC(16:0/22:4),Glycerophosphocholine
PC(38:4)-PC(18:0/20:4),Glycerophosphocholine
PC(38:4),Glycerophosphocholine
PC(38:4e)-PC(16:0e/22:4),Glycerophosphocholine
PC(38:4e)-PC(18:0e/20:4),Glycerophosphocholine
PC(38:4p)-PC(16:0p/22:4),Glycerophosphocholine
PC(38:4p)-PC(18:0p/20:4),Glycerophosphocholine
PC(38:5)-PC(18:0/20:5),Glycerophosphocholine
PC(38:5)-PC(18:1/20:4),Glycerophosphocholine
PC(38:6)-PC(16:0/22:6),Glycerophosphocholine
PC(38:6)-PC(18:2/20:4),Glycerophosphocholine
PC(38:6+O)-PC(38:6+O),Glycerophosphocholine
PC(38:6e),Glycerophosphocholine
PC(38:6p),Glycerophosphocholine
PC(38:7)-PC(18:3/20:4),Glycerophosphocholine
PC(38:7),Glycerophosphocholine
PC(39:4),Glycerophosphocholine
PC(39:5),Glycerophosphocholine
PC(39:6)-PC(17:0/22:6),Glycerophosphocholine
PC(39:6),Glycerophosphocholine
PC(40:1p),Glycerophosphocholine
PC(40:2),Glycerophosphocholine
PC(40:3+O),Glycerophosphocholine
PC(40:4)-PC(18:0/22:4),Glycerophosphocholine
PC(40:4)-PC(20:0/20:4),Glycerophosphocholine
PC(40:4e)-PC(20:0e/20:4),Glycerophosphocholine
PC(40:4p),Glycerophosphocholine
PC(40:5)-PC(18:0/22:5)2,Glycerophosphocholine
PC(40:5),Glycerophosphocholine
PC(40:5e),Glycerophosphocholine
PC(40:6)-PC(18:0/22:6),Glycerophosphocholine
PC(40:6)-PC(20:2/20:4),Glycerophosphocholine
PC(40:6e)-PC(18:0e/22:6),Glycerophosphocholine
PC(40:6p),Glycerophosphocholine
PC(40:7)-PC(18:1/22:6),Glycerophosphocholine
PC(40:7),Glycerophosphocholine
PC(40:7p)-PC(40:7p)1,Glycerophosphocholine
PC(40:7p)-PC(40:7p)2,Glycerophosphocholine
PC(40:8)-PC(18:2/22:6),Glycerophosphocholine
PC(42:10),Glycerophosphocholine
PC(42:2)-PC(20:0/22:2),Glycerophosphocholine
PC(42:3p),Glycerophosphocholine
PC(42:5),Glycerophosphocholine
PC(42:6),Glycerophosphocholine
PC(42:6e),Glycerophosphocholine
PC(42:8),Glycerophosphocholine
Glycerylphosphorylethanolamine,Glycerophosphoethanolamine
PE(34:1)-PE(16:0/18:1),Glycerophosphoethanolamine
PE(34:1p)-PE(16:0p/18:1),Glycerophosphoethanolamine
PE(34:2)-PE(16:0/18:2),Glycerophosphoethanolamine
PE(34:2p)-PE(16:0p/18:2),Glycerophosphoethanolamine
PE(36:1)-PE(18:0/18:1),Glycerophosphoethanolamine
PE(36:1p)-PE(18:0p/18:1),Glycerophosphoethanolamine
PE(36:2p)-PE(18:0p/18:2),Glycerophosphoethanolamine
PE(36:3)-PE(18:1/18:2),Glycerophosphoethanolamine
PE(36:3p)-PE(18:1p/18:2),Glycerophosphoethanolamine
PE(36:4)-PE(16:0/20:4),Glycerophosphoethanolamine
PE(36:4p)-PE(16:0p/20:4),Glycerophosphoethanolamine
PE(36:5p)-PE(16:0p/20:5),Glycerophosphoethanolamine
PE(38:2p),Glycerophosphoethanolamine
PE(38:3)-PE(18:0/20:3),Glycerophosphoethanolamine
PE(38:3p)-PE(18:0p/20:3),Glycerophosphoethanolamine
PE(38:3p)-PE(20:1p/18:2),Glycerophosphoethanolamine
PE(38:4)-PE(18:0/20:4),Glycerophosphoethanolamine
PE(38:4p)-PE(16:0p/22:4),Glycerophosphoethanolamine
PE(38:4p)-PE(18:0p/20:4),Glycerophosphoethanolamine
PE(38:5)-PE(18:0/20:5),Glycerophosphoethanolamine
PE(38:5)-PE(18:1/20:4),Glycerophosphoethanolamine
PE(38:6)-PE(16:0/22:6),Glycerophosphoethanolamine
PE(38:6p)-PE(16:0p/22:6),Glycerophosphoethanolamine
PE(40:4p)-PE(20:0p/20:4),Glycerophosphoethanolamine
PE(40:5p)-PE(18:0p/22:5),Glycerophosphoethanolamine
PE(40:5p)-PE(20:1p/20:4),Glycerophosphoethanolamine
PE(40:6p)-PE(18:0p/22:6),Glycerophosphoethanolamine
PE(40:7)-PE(18:1/22:6),Glycerophosphoethanolamine
PE(40:7p)-PE(18:1p/22:6),Glycerophosphoethanolamine
PE(42:6p)-PE(20:0p/22:6),Glycerophosphoethanolamine
PI(32:1)-PI(16:0/16:1),Glycerophosphoinositol
PI(34:1)-PI(16:0/18:1),Glycerophosphoinositol
PI(34:2)-PI(16:0/18:2),Glycerophosphoinositol
PI(36:1)-PI(18:0/18:1),Glycerophosphoinositol
PI(36:2)-PI(18:0/18:2),Glycerophosphoinositol
PI(36:2)-PI(18:1/18:1),Glycerophosphoinositol
PI(36:3)-PI(16:0/20:3),Glycerophosphoinositol
PI(36:3)-PI(18:1/18:2),Glycerophosphoinositol
PI(36:4)-PI(16:0/20:4),Glycerophosphoinositol
PI(38:3)-PI(18:0/20:3),Glycerophosphoinositol
PI(38:4)-PI(18:0/20:4),Glycerophosphoinositol
PI(38:5)-PI(18:1/20:4),Glycerophosphoinositol
PI(38:6)-PI(16:0/22:6),Glycerophosphoinositol
PI(40:4)-PI(18:0/22:4),Glycerophosphoinositol
PI(40:5)-PI(18:0/22:5n3),Glycerophosphoinositol
PI(40:6)-PI(18:0/22:6),Glycerophosphoinositol
GlcCer(d34:1)-GlcCer(d18:1/16:0),Glycosphingolipid
GlcCer(d40:1)-GlcCer(d18:1/22:0),Glycosphingolipid
GlcCer(d41:1)-GlcCer(d18:1/23:0),Glycosphingolipid
GlcCer(d42:1)-GlcCer(d18:1/24:0),Glycosphingolipid
GlcCer(d42:2)-GlcCer(d18:1/24:1),Glycosphingolipid
GlcCer(d42:2)-GlcCer(d18:2/24:0),Glycosphingolipid
Hex3Cer(d34:1)-Hex3Cer(d18:1/16:0),Glycosphingolipid
Hex3Cer(d42:2)-Hex3Cer(d18:1/24:1),Glycosphingolipid
LacCer(d34:1)-LacCer(d18:1/16:0),Glycosphingolipid
LacCer(d42:1)-LacCer(d18:1/24:0),Glycosphingolipid
LacCer(d42:2)-LacCer(d18:1/24:1),Glycosphingolipid
LysoPA(0:0/16:0),LysoPA
LysoPA(0:0/18:1),LysoPA
LysoPA(0:0/18:2),LysoPA
LysoPA(0:0/20:4),LysoPA
LysoPA(16:0/0:0),LysoPA
LysoPA(18:1/0:0),LysoPA
LysoPA(18:2/0:0),LysoPA
LysoPA(20:4/0:0),LysoPA
LysoPC(0:0/14:0),LysoPC
LysoPC(0:0/15:0),LysoPC
LysoPC(0:0/16:0),LysoPC
LysoPC(0:0/16:1),LysoPC
LysoPC(0:0/18:0),LysoPC
LysoPC(0:0/18:1),LysoPC
LysoPC(0:0/18:2),LysoPC
LysoPC(0:0/18:3),LysoPC
LysoPC(0:0/20:0),LysoPC
LysoPC(0:0/20:1),LysoPC
LysoPC(0:0/20:2),LysoPC
LysoPC(0:0/20:3),LysoPC
LysoPC(0:0/20:4),LysoPC
LysoPC(0:0/20:5),LysoPC
LysoPC(0:0/22:4),LysoPC
LysoPC(0:0/22:5n3),LysoPC
LysoPC(0:0/22:6),LysoPC
LysoPC(14:0/0:0),LysoPC
LysoPC(15:0/0:0),LysoPC
LysoPC(15:0p/0:0),LysoPC
LysoPC(16:0/0:0),LysoPC
LysoPC(16:0e/0:0),LysoPC
LysoPC(16:0p/0:0),LysoPC
LysoPC(16:1/0:0),LysoPC
LysoPC(16:1p),LysoPC
LysoPC(17:0/0:0),LysoPC
LysoPC(17:1/0:0),LysoPC
LysoPC(18:0/0:0),LysoPC
LysoPC(18:0p/0:0),LysoPC
LysoPC(18:1/0:0),LysoPC
LysoPC(18:1p/0:0),LysoPC
LysoPC(18:2/0:0),LysoPC
LysoPC(18:3/0:0),LysoPC
LysoPC(19:0),LysoPC
LysoPC(20:0),LysoPC
LysoPC(20:1/0:0),LysoPC
LysoPC(20:2/0:0),LysoPC
LysoPC(20:3/0:0),LysoPC
LysoPC(20:4/0:0),LysoPC
LysoPC(20:5/0:0),LysoPC
LysoPC(22:0),LysoPC
LysoPC(22:4/0:0),LysoPC
LysoPC(22:5n3/0:0) + LysoPC(0:0/22:5n6),LysoPC
LysoPC(22:5n6/0:0),LysoPC
LysoPC(22:6/0:0),LysoPC
LysoPE(0:0/16:0),LysoPE
LysoPE(0:0/18:0),LysoPE
LysoPE(0:0/18:1),LysoPE
LysoPE(0:0/18:2),LysoPE
LysoPE(0:0/20:3),LysoPE
LysoPE(0:0/20:4),LysoPE
LysoPE(0:0/22:5n3),LysoPE
LysoPE(0:0/22:5n6) + LysoPE(22:5n3/0:0),LysoPE
LysoPE(0:0/22:6),LysoPE
LysoPE(16:0/0:0),LysoPE
LysoPE(16:0p/0:0),LysoPE
LysoPE(17:0),LysoPE
LysoPE(18:0/0:0),LysoPE
LysoPE(18:0p/0:0),LysoPE
LysoPE(18:1/0:0),LysoPE
LysoPE(18:1p/0:0),LysoPE
LysoPE(18:2/0:0),LysoPE
LysoPE(20:3/0:0),LysoPE
LysoPE(20:4/0:0),LysoPE
LysoPE(22:5n6/0:0),LysoPE
LysoPE(22:6/0:0),LysoPE
LysoPI(0:0/18:0),LysoPI
LysoPI(0:0/18:2),LysoPI
LysoPI(0:0/20:4),LysoPI
LysoPI(16:0/0:0),LysoPI
LysoPI(18:0/0:0),LysoPI
LysoPI(18:1),LysoPI
LysoPI(18:2/0:0),LysoPI
LysoPI(20:3),LysoPI
LysoPI(20:4/0:0),LysoPI
3-Hydroxyhippuric acid,Microbial metabolite
3-indoxyl sulfate,Microbial metabolite
4-ethylphenyl sulfate,Microbial metabolite
5-hydroxyindole sulfate,Microbial metabolite
6-hydroxyindole sulfate,Microbial metabolite
7-hydroxyindole sulfate,Microbial metabolite
Benzoic acid,Microbial metabolite
Betaine,Microbial metabolite
Desaminotyrosine,Microbial metabolite
Enterolactone sulfate,Microbial metabolite
Hippuric acid,Microbial metabolite
Hydrocinnamic acid,Microbial metabolite
Indole-3-carboxaldehyde,Microbial metabolite
Indole-3-methyl acetate,Microbial metabolite
Indole-3-propionic acid,Microbial metabolite
Indole-3-pyruvic acid,Microbial metabolite
Indoleacetic acid,Microbial metabolite
"N,N,N-trimethyl-5-aminovaleric acid",Microbial metabolite
p-Cresol glucuronide,Microbial metabolite
p-Cresol sulfate,Microbial metabolite
Phenylacetylglutamine,Microbial metabolite
Phenylpropionylglycine,Microbial metabolite
Salicyluric acid,Microbial metabolite
Trimethylamine N-oxide,Microbial metabolite
"2,3-Dihydroxy-5-methylthio-4-pentenoic acid",Organic acid
2-Hydroxy-3-methylbutyric acid + 3-Hydroxy-3-methylbutyric acid,Organic acid
2-Hydroxy-3-methylpentanoic acid,Organic acid
2-Hydroxybutyric acid + 3-Hydroxybutyric acid,Organic acid
2-Hydroxyglutaric acid,Organic acid
2-Methylcitric acid,Organic acid
2-O-Methylascorbic acid,Organic acid
"3,4-Dihydroxybutyric acid",Organic acid
3-Carboxy-4-methyl-5-pentyl-2-furanpropanoic acid,Organic acid
3-Carboxy-4-methyl-5-propyl-2-furanpropionic acid (CMPF),Organic acid
3-Hydroxymethylglutaric acid,Organic acid
3-Methyl-2-oxovaleric acid,Organic acid
4-Methyl-2-oxovaleric acid,Organic acid
alpha-Aminobutyric acid,Organic acid
alpha-Ketoisovaleric acid,Organic acid
cis-Aconitic acid,Organic acid
Citric acid,Organic acid
Fumaric acid,Organic acid
gamma-Aminobutyric acid,Organic acid
Glutaric acid,Organic acid
Hydroxy-CMPF,Organic acid
Hydroxyisocaproic acid,Organic acid
Lactic acid,Organic acid
Malic acid,Organic acid
Methylsuccinic acid,Organic acid
Oxalic acid,Organic acid
Oxoglutaric acid,Organic acid
Pyruvic acid,Organic acid
Succinic acid,Organic acid
Glycerol,Other
GM3(d34:1),Other
GM3(d42:1),Other
Phosphate,Other
Sulfate,Other
Asn-Val,Peptide
Asp-Ile,Peptide
Asp-Leu,Peptide
Asp-Phe,Peptide
gamma-Glu-Ala,Peptide
gamma-Glu-Glu,Peptide
gamma-Glu-Gly,Peptide
gamma-Glu-His,Peptide
gamma-Glu-Ile,Peptide
gamma-Glu-Leu,Peptide
gamma-Glu-Met,Peptide
gamma-Glu-Phe,Peptide
gamma-Glu-Thr,Peptide
gamma-Glu-Tyr,Peptide
gamma-Glu-Val,Peptide
Glp-Gly,Peptide
Glu-Leu,Peptide
Glu-Phe,Peptide
Glu-Trp,Peptide
Gly-Glu,Peptide
Gly-Ile,Peptide
Gly-Leu,Peptide
Gly-Phe,Peptide
Gly-Val,Peptide
His-Trp,Peptide
"Human Fibrinopeptide A residual [2-16, DSGEGDFLAEGGGVR]",Peptide
"Human Fibrinopeptide B residual [1-11, XGVNDNEEGFF]",Peptide
"Human Fibrinopeptide B residual [1-12, XGVNDNEEGFFS]",Peptide
"Human Fibrinopeptide B residual [1-13, XGVNDNEEGFFSA]",Peptide
"Human Fibrinopeptide B residual [1-9, XGVNDNEEG]",Peptide
Ile-Gln + Leu-Gln,Peptide
Ile-Gly,Peptide
Ile-Ile,Peptide
Ile-Leu + Leu-Ile,Peptide
Ile-Phe,Peptide
Ile-Pro,Peptide
Ile-Val,Peptide
L-Cysteinylglycine disulfide,Peptide
Leu-Ala,Peptide
Leu-Glu,Peptide
Leu-Gly,Peptide
Leu-Leu,Peptide
Leu-Phe,Peptide
Leu-Pro,Peptide
"N,N,N-Trimethyl-alanyl-proline betaine",Peptide
N-gamma-Glu-Gln,Peptide
Phe-Glu,Peptide
Phe-Gly,Peptide
Phe-Ile,Peptide
Phe-Leu,Peptide
Phe-Phe,Peptide
Phe-Ser,Peptide
Phe-Trp,Peptide
Pro-Hyp,Peptide
Ser-Leu,Peptide
Ser-Phe,Peptide
Ser-Tyr,Peptide
Trp-Glu,Peptide
Tyr-Glu,Peptide
Val-Ile + Leu-Val,Peptide
Val-Leu,Peptide
"(4E,15E)-Bilirubin IXa",Porphyrin
"(4E,15Z)-Bilirubin IXa",Porphyrin
Bilirubin,Porphyrin
Biliverdin,Porphyrin
Biliverdin isomer 1,Porphyrin
Biliverdin isomer 2,Porphyrin
Biliverdin isomer 3,Porphyrin
Hematoporphyrin,Porphyrin
"1,7-Dimethyluric acid",Purine&Pyrimidine
1-Methyladenosine,Purine&Pyrimidine
1-Methylguanosine,Purine&Pyrimidine
1-Methylinosine,Purine&Pyrimidine
2-Methylguanosine,Purine&Pyrimidine
2'-O-Methyluridine,Purine&Pyrimidine
"5,6-Dihydrouridine",Purine&Pyrimidine
5'-Methylthioadenosine,Purine&Pyrimidine
5-Methyluridine,Purine&Pyrimidine
7-Methylguanine,Purine&Pyrimidine
Adenosine,Purine&Pyrimidine
Allantoin,Purine&Pyrimidine
Cytidine,Purine&Pyrimidine
Cytosine,Purine&Pyrimidine
Deoxyuridine,Purine&Pyrimidine
Dihydrothymine,Purine&Pyrimidine
Guanosine,Purine&Pyrimidine
Hypoxanthine,Purine&Pyrimidine
Inosine,Purine&Pyrimidine
"N2,N2-Dimethylguanosine",Purine&Pyrimidine
N2-Methylguanine,Purine&Pyrimidine
N6-Methyladenosine,Purine&Pyrimidine
Pseudouridine,Purine&Pyrimidine
Thymidine,Purine&Pyrimidine
Uracil,Purine&Pyrimidine
Uric acid,Purine&Pyrimidine
Uridine,Purine&Pyrimidine
Xanthine,Purine&Pyrimidine
Phytosphingosine,Sphingoid base
Sphinganine,Sphingoid base
Sphinganine 1-phosphate,Sphingoid base
Sphingosine,Sphingoid base
Sphingosine 1-phosphate,Sphingoid base
SM(d30:1),Sphingomyelin
SM(d31:1),Sphingomyelin
SM(d32:0),Sphingomyelin
SM(d32:1),Sphingomyelin
SM(d32:2),Sphingomyelin
SM(d33:1),Sphingomyelin
SM(d34:0),Sphingomyelin
SM(d34:1)-SM(d18:1/16:0),Sphingomyelin
SM(d35:1)-SM(d35:1)1,Sphingomyelin
SM(d35:1)-SM(d35:1)2,Sphingomyelin
SM(d35:2),Sphingomyelin
SM(d36:0)-SM(d20:0/16:0),Sphingomyelin
SM(d36:1)-SM(d20:0/16:1),Sphingomyelin
SM(d36:2)-SM(d18:1/18:1),Sphingomyelin
SM(d36:3),Sphingomyelin
SM(d37:1),Sphingomyelin
SM(d38:0),Sphingomyelin
SM(d38:1)-SM(d20:0/18:1),Sphingomyelin
SM(d38:2)-SM(d20:0/18:2),Sphingomyelin
SM(d38:3),Sphingomyelin
SM(d39:1),Sphingomyelin
SM(d39:2),Sphingomyelin
SM(d40:0),Sphingomyelin
SM(d40:1)-SM(d17:1/23:0),Sphingomyelin
SM(d40:2)-SM(d22:0/18:2)1,Sphingomyelin
SM(d40:2)-SM(d22:0/18:2)2,Sphingomyelin
SM(d40:3)-SM(d20:0/20:3),Sphingomyelin
SM(d41:1),Sphingomyelin
SM(d41:2)-SM(d18:1/23:1),Sphingomyelin
SM(d41:2),Sphingomyelin
SM(d42:1)-SM(d17:0/25:1),Sphingomyelin
SM(d42:2)-SM(d18:1/24:1),Sphingomyelin
SM(d42:2)-SM(d22:0/20:2),Sphingomyelin
SM(d42:3)-SM(d22:0/20:3),Sphingomyelin
SM(d42:4),Sphingomyelin
SM(d43:1)-SM(d43:1)1,Sphingomyelin
SM(d43:1)-SM(d43:1)2,Sphingomyelin
SM(d43:2)-SM(d25:0/18:2),Sphingomyelin
SM(d43:2)-SM(d43:2)1,Sphingomyelin
SM(d43:2)-SM(d43:2)2,Sphingomyelin
SM(d44:2)-SM(d44:2)1,Sphingomyelin
SM(d44:2)-SM(d44:2)2,Sphingomyelin
SM(d44:3),Sphingomyelin
16a-hydroxy DHEA 3-sulfate,Steroid
3alpha-Hydroxy-5alpha-pregnan-20-one sulfate,Steroid
"5alpha-Androstan-3beta,17alpha-diol disulfate",Steroid
"5alpha-Pregnan-3beta,20alpha-diol disulfate",Steroid
Allopregnanolone sulfate,Steroid
Androstenediol disulfate isomer 1,Steroid
Androstenediol disulfate isomer 2,Steroid
Androsterone O-glucuronide,Steroid
Androsterone sulfate isomer 1,Steroid
Androsterone sulfate isomer 2,Steroid
Androsterone sulfate isomer 3,Steroid
Androsterone sulfate isomer 4,Steroid
Androsterone sulfate isomer 5,Steroid
Cholesterol sulfate,Steroid
Corticosterone,Steroid
Cortisol,Steroid
Dehydroepiandrosterone sulfate,Steroid
Pregnandiol sulfate isomer 1,Steroid
Pregnandiol sulfate isomer 2,Steroid
Pregnanediol disulfate,Steroid
Pregnanediol monosulfate,Steroid
Pregnanediol O-glucuronide,Steroid
Pregnanolone sulfate,Steroid
Pregnenolone sulfate,Steroid
"Pregnenolone-3,21-disulfate",Steroid
Steroid-C21H34O3 disulfate,Steroid
Steroid-C21H34O3 monosulfate,Steroid
Testosterone sulfate isomer 1,Steroid
Testosterone sulfate isomer 2,Steroid
TG(42:0)-TG(16:0/12:0/14:0),Triacylglycerol
TG(44:0)-TG(16:0/14:0/14:0),Triacylglycerol
TG(44:1)-TG(18:1/12:0/14:0),Triacylglycerol
TG(44:2)-TG(16:0/10:0/18:2),Triacylglycerol
TG(46:0)-TG(16:0/14:0/16:0),Triacylglycerol
TG(46:1)-TG(16:0/12:0/18:1),Triacylglycerol
TG(46:3)-TG(16:0/12:1/18:2),Triacylglycerol
TG(46:3)-TG(16:1/12:0/18:2),Triacylglycerol
TG(47:0)-TG(15:0/16:0/16:0),Triacylglycerol
TG(47:1)-TG(16:0/14:0/17:1),Triacylglycerol
TG(47:2)-TG(15:0/14:0/18:2),Triacylglycerol
TG(48:0)-TG(16:0/16:0/16:0),Triacylglycerol
TG(48:1)-TG(16:0/14:0/18:1),Triacylglycerol
TG(48:2)-TG(16:0/14:0/18:2),Triacylglycerol
TG(48:3)-TG(16:0/14:0/18:3),Triacylglycerol
TG(48:3)-TG(16:1/14:0/18:2),Triacylglycerol
TG(48:4)-TG(12:0/18:2/18:2),Triacylglycerol
TG(49:0)-TG(16:0/16:0/17:0),Triacylglycerol
TG(49:1)-TG(15:0/16:0/18:1),Triacylglycerol
TG(49:2)-TG(15:0/16:0/18:2),Triacylglycerol
TG(49:3)-TG(15:0/16:1/18:2),Triacylglycerol
TG(50:0)-TG(18:0/16:0/16:0),Triacylglycerol
TG(50:1)-TG(16:0/16:0/18:1),Triacylglycerol
TG(50:1e)-TG(16:0e/16:0/18:1),Triacylglycerol
TG(50:2)-TG(16:0/16:1/18:1)1,Triacylglycerol
TG(50:3)-TG(16:0/16:0/18:3),Triacylglycerol
TG(50:3)-TG(16:1/16:1/18:1),Triacylglycerol
TG(50:4)-TG(16:0/14:0/20:4),Triacylglycerol
TG(50:4)-TG(16:1/16:1/18:2),Triacylglycerol
TG(50:5)-TG(18:2/14:1/18:2),Triacylglycerol
TG(50:5)-TG(18:4/16:0/16:1),Triacylglycerol
TG(50:6)-TG(16:0/12:0/22:6),Triacylglycerol
TG(50:6)-TG(18:4/14:0/18:2),Triacylglycerol
TG(51:0)-TG(18:0/16:0/17:0)1,Triacylglycerol
TG(51:1)-TG(16:0/17:0/18:1)2,Triacylglycerol
TG(51:2)-TG(16:0/17:0/18:2),Triacylglycerol
TG(51:2)-TG(16:0/17:1/18:1),Triacylglycerol
TG(51:3)-TG(16:1/17:1/18:1),Triacylglycerol
TG(51:4)-TG(16:1/17:1/18:2),Triacylglycerol
TG(51:5)-TG(15:0/18:2/18:3)2,Triacylglycerol
TG(51:6)-TG(11:0/18:2/22:4),Triacylglycerol
TG(52:0)-TG(18:0/16:0/18:0),Triacylglycerol
TG(52:1)-TG(18:0/16:0/18:1),Triacylglycerol
TG(52:1p)-TG(18:0p/16:0/18:1),Triacylglycerol
TG(52:2)-TG(16:0/18:1/18:1),Triacylglycerol
TG(52:2p)-TG(18:0p/16:0/18:2),Triacylglycerol
TG(52:3)-TG(16:0/18:1/18:2),Triacylglycerol
TG(52:3+O)-TG(18:2+O/16:0/18:1)1,Triacylglycerol
TG(52:3+O)-TG(18:2+O/16:0/18:1)2,Triacylglycerol
TG(52:4)-TG(16:0/18:1/18:3),Triacylglycerol
TG(52:4)-TG(16:1/18:1/18:2),Triacylglycerol
TG(52:4+2O)-TG(18:2+2O/16:0/18:2),Triacylglycerol
TG(52:4+O)-TG(18:2+O/16:0/18:2),Triacylglycerol
TG(52:4+O)-TG(18:3+O/16:0/18:1)1,Triacylglycerol
TG(52:4+O)-TG(18:3+O/16:0/18:1)2,Triacylglycerol
TG(52:5)-TG(16:0/16:0/20:5),Triacylglycerol
TG(52:5)-TG(16:0/18:2/18:3),Triacylglycerol
TG(52:5)-TG(16:1/18:2/18:2)2,Triacylglycerol
TG(52:5+O)-TG(18:3+O/16:0/18:2),Triacylglycerol
TG(52:6)-TG(16:0/14:0/22:6),Triacylglycerol
TG(52:6)-TG(16:1/18:2/18:3)2,Triacylglycerol
TG(52:7)-TG(14:0/18:2/20:5),Triacylglycerol
TG(52:7)-TG(16:1/18:3/18:3),Triacylglycerol
TG(53:1)-TG(18:0/17:0/18:1)2,Triacylglycerol
TG(53:2)-TG(17:0/18:1/18:1)2,Triacylglycerol
TG(53:3)-TG(17:0/18:1/18:2),Triacylglycerol
TG(53:4)-TG(18:1/17:1/18:2)2,Triacylglycerol
TG(53:5)-TG(18:2/17:1/18:2)2,Triacylglycerol
TG(54:0)-TG(18:0/18:0/18:0),Triacylglycerol
TG(54:1)-TG(18:0/18:0/18:1),Triacylglycerol
TG(54:2)-TG(18:0/18:1/18:1)1,Triacylglycerol
TG(54:3)-TG(18:0/18:1/18:2),Triacylglycerol
TG(54:3)-TG(18:1/18:1/18:1)2,Triacylglycerol
TG(54:4)-TG(16:0/18:1/20:3),Triacylglycerol
TG(54:4)-TG(18:0/18:2/18:2),Triacylglycerol
TG(54:4)-TG(18:1/18:1/18:2)1,Triacylglycerol
TG(54:4+O)-TG(18:2+O/18:1/18:1),Triacylglycerol
TG(54:5)-TG(18:1/18:2/18:2)1,Triacylglycerol
TG(54:5+O)-TG(18:1+O/18:2/18:2),Triacylglycerol
TG(54:6)-TG(16:0/18:2/20:4),Triacylglycerol
TG(54:6)-TG(18:1/18:2/18:3)2,Triacylglycerol
TG(54:6)-TG(18:2/18:2/18:2),Triacylglycerol
TG(54:6+O)-TG(18:2+O/18:1/18:3),Triacylglycerol
TG(54:6+O)-TG(18:3+O/18:1/18:2)1,Triacylglycerol
TG(54:6+O)-TG(18:3+O/18:1/18:2)2,Triacylglycerol
TG(54:7)-TG(18:3/18:2/18:2)3,Triacylglycerol
TG(54:8)-TG(18:3/18:2/18:3)2,Triacylglycerol
TG(55:1)-TG(16:0/18:1/21:0),Triacylglycerol
TG(55:2)-TG(19:1/18:0/18:1),Triacylglycerol
TG(55:3)-TG(19:1/18:1/18:1),Triacylglycerol
TG(55:4)-TG(19:1/18:1/18:2),Triacylglycerol
TG(55:5)-TG(19:1/18:2/18:2),Triacylglycerol
TG(55:6)-TG(17:0/18:2/20:4),Triacylglycerol
TG(55:7)-TG(15:0/18:1/22:6),Triacylglycerol
TG(55:7)-TG(18:2/17:1/20:4),Triacylglycerol
TG(56:0)-TG(18:0/16:0/22:0),Triacylglycerol
TG(56:1)-TG(16:0/18:1/22:0),Triacylglycerol
TG(56:1)-TG(18:0/18:1/20:0),Triacylglycerol
TG(56:10)-TG(18:3/18:2/20:5),Triacylglycerol
TG(56:2)-TG(18:0/18:1/20:1),Triacylglycerol
TG(56:2)-TG(20:0/18:1/18:1),Triacylglycerol
TG(56:3)-TG(20:1/18:1/18:1)1,Triacylglycerol
TG(56:4)-TG(18:0/18:0/20:4),Triacylglycerol
TG(56:4)-TG(18:1/18:1/20:2),Triacylglycerol
TG(56:4)-TG(20:1/18:1/18:2),Triacylglycerol
TG(56:5)-TG(18:0/18:1/20:4),Triacylglycerol
TG(56:5)-TG(20:1/18:2/18:2),Triacylglycerol
TG(56:6)-TG(16:0/18:2/22:4),Triacylglycerol
TG(56:6)-TG(18:0/16:0/22:6),Triacylglycerol
TG(56:7)-TG(16:0/18:1/22:6),Triacylglycerol
TG(56:7)-TG(18:1/18:2/20:4)1,Triacylglycerol
TG(56:8)-TG(16:0/18:2/22:6),Triacylglycerol
TG(56:8)-TG(18:2/18:2/20:4)1,Triacylglycerol
TG(56:9)-TG(16:0/18:3/22:6),Triacylglycerol
TG(56:9)-TG(16:1/18:2/22:6),Triacylglycerol
TG(56:9)-TG(18:3/18:2/20:4),Triacylglycerol
TG(57:1)-TG(16:0/18:1/23:0),Triacylglycerol
TG(57:2)-TG(16:0/18:2/23:0),Triacylglycerol
TG(57:6)-TG(17:0/18:1/22:5),Triacylglycerol
TG(57:7)-TG(17:0/18:1/22:6),Triacylglycerol
TG(57:8)-TG(17:0/18:2/22:6),Triacylglycerol
TG(57:9)-TG(18:2/17:1/22:6),Triacylglycerol
TG(58:0)-TG(18:0/16:0/24:0),Triacylglycerol
TG(58:1)-TG(16:0/18:1/24:0),Triacylglycerol
TG(58:10)-TG(16:0/20:4/22:6),Triacylglycerol
TG(58:10)-TG(18:2/18:2/22:6),Triacylglycerol
TG(58:11)-TG(16:0/20:5/22:6),Triacylglycerol
TG(58:11)-TG(18:3/18:2/22:6),Triacylglycerol
TG(58:2)-TG(18:1/18:1/22:0),Triacylglycerol
TG(58:3)-TG(18:1/18:2/22:0)1,Triacylglycerol
TG(58:4)-TG(18:1/18:2/22:1),Triacylglycerol
TG(58:4)-TG(22:0/18:2/18:2),Triacylglycerol
TG(58:5)-TG(18:0/18:1/22:4),Triacylglycerol
TG(58:5)-TG(18:1/20:2/20:2),Triacylglycerol
TG(58:6)-TG(18:0/18:1/22:5),Triacylglycerol
TG(58:6)-TG(18:1/18:1/22:4),Triacylglycerol
TG(58:7)-TG(18:0/18:1/22:6),Triacylglycerol
TG(58:8)-TG(18:1/18:1/22:6),Triacylglycerol
TG(58:9)-TG(18:1/18:2/22:6),Triacylglycerol
TG(59:2)-TG(18:1/18:1/23:0),Triacylglycerol
TG(59:3)-TG(18:1/18:2/23:0),Triacylglycerol
TG(59:4)-TG(18:1/18:2/23:1),Triacylglycerol
TG(60:1)-TG(18:0/18:1/24:0)1,Triacylglycerol
TG(60:10)-TG(18:0/20:4/22:6),Triacylglycerol
TG(60:11)-TG(18:1/20:4/22:6),Triacylglycerol
TG(60:11)-TG(20:3/20:4/20:4),Triacylglycerol
TG(60:12)-TG(16:0/22:6/22:6),Triacylglycerol
TG(60:12)-TG(18:2/20:4/22:6),Triacylglycerol
TG(60:13)-TG(20:5/18:2/22:6),Triacylglycerol
TG(60:2)-TG(18:0/18:2/24:0),Triacylglycerol
TG(60:2)-TG(18:1/18:1/24:0),Triacylglycerol
TG(60:3)-TG(18:1/18:1/24:1),Triacylglycerol
TG(60:3)-TG(18:1/18:2/24:0),Triacylglycerol
TG(60:4)-TG(24:0/18:2/18:2)1,Triacylglycerol
TG(60:5)-TG(24:1/18:2/18:2),Triacylglycerol
TG(60:7)-TG(18:1/20:5/22:1),Triacylglycerol
TG(60:8)-TG(18:0/20:4/22:4),Triacylglycerol
TG(60:9)-TG(18:0/20:4/22:5),Triacylglycerol
TG(62:13)-TG(18:1/22:6/22:6),Triacylglycerol
M1X-RT186MZ158,Unannotated
M1X-RT187MZ181,Unannotated
M1X-RT188MZ132,Unannotated
M1X-RT208MZ188,Unannotated
M1X-RT214MZ130,Unannotated
M1X-RT266MZ120,Unannotated
M1X-RT271MZ239,Unannotated
M1X-RT277MZ268,Unannotated
M1X-RT36MZ213,Unannotated
M1X-RT410MZ193,Unannotated
M1X-RT455MZ318,Unannotated
M1X-RT511MZ302,Unannotated
M1X-RT511MZ431,Unannotated
M1X-RT528MZ291,Unannotated
M1X-RT538MZ204,Unannotated
M1X-RT540MZ288,Unannotated
M1X-RT550MZ288,Unannotated
M1X-RT556MZ235,Unannotated
M1X-RT61MZ86,Unannotated
M1X-RT68MZ86,Unannotated
M1X-RT708MZ319,Unannotated
M1X-RT84MZ86,Unannotated
M2X-RT100MZ205,Unannotated
M2X-RT150MZ697,Unannotated
M2X-RT171MZ00,Unannotated
M2X-RT241MZ259,Unannotated
M2X-RT256MZ266,Unannotated
M2X-RT268MZ143,Unannotated
M2X-RT295MZ165,Unannotated
M2X-RT297MZ136,Unannotated
M2X-RT307MZ165,Unannotated
M2X-RT313MZ165,Unannotated
M2X-RT320MZ165,Unannotated
M2X-RT32MZ129,Unannotated
M2X-RT34MZ215,Unannotated
M2X-RT36MZ269,Unannotated
M2X-RT379MZ437,Unannotated
M2X-RT37MZ197,Unannotated
M2X-RT385MZ193,Unannotated
M2X-RT40MZ141,Unannotated
M2X-RT413MZ424(containing nitrate),Unannotated
M2X-RT42MZ85,Unannotated
M2X-RT439MZ313,Unannotated
M2X-RT457MZ313,Unannotated
M2X-RT463MZ365,Unannotated
M2X-RT464MZ239,Unannotated
M2X-RT539MZ295,Unannotated
M2X-RT573-C18H34O4,Unannotated
M2X-RT580-C18H34O4,Unannotated
M2X-RT598MZ233,Unannotated
M2X-RT608-C18H34O4,Unannotated
1-Methylnicotinamide,Vitamin&Cofactor
2-Aminonicotinic acid,Vitamin&Cofactor
4-Pyridoxic acid,Vitamin&Cofactor
"7,8-Dihydrobiopterin",Vitamin&Cofactor
Ascorbic acid,Vitamin&Cofactor
Ascorbic acid-2-sulfate,Vitamin&Cofactor
Biotin,Vitamin&Cofactor
gamma-CEHC,Vitamin&Cofactor
N1-Methyl-2-pyridone-5-carboxamide,Vitamin&Cofactor
Niacinamide,Vitamin&Cofactor
Pantothenic acid,Vitamin&Cofactor
Pantothenol,Vitamin&Cofactor
Pyridoxamine,Vitamin&Cofactor
Retinal,Vitamin&Cofactor
Threonic acid,Vitamin&Cofactor
Trigonelline,Vitamin&Cofactor
